product_name,review_text,rating,source
JE TESTE KIKO...,kiko c'était vraiment donné avant maintenant les prix c'est de la folie 🥲,3,YouTube
JE TESTE KIKO...,❤❤❤,3,YouTube
JE TESTE KIKO...,coucou as tu déjà fait une vidéo full face fenty beauty ?,3,YouTube
JE TESTE KIKO...,bonjour fabian peux tu nous faire une full face de la marque l’oréal...avec ta maman vous êtes trop beau et génial ensemble. merci,3,YouTube
JE TESTE KIKO...,"salut fabian, j’ai le même fond de teint chez moi et même sans utiliser de base c’est une catastrophe (au début, moi aussi je pensais que ça venait de la base). il marque toutes mes zones de sécheresse et je ne t’explique même pas quand je le poudre derrière. pourtant, je n’ai jamais eu de problème avec les autres marques de fond teint que j’ai pu tester avant.",3,YouTube
JE TESTE KIKO...,le focuuuus 😢,3,YouTube
JE TESTE KIKO...,t’es le goat mon fabian,3,YouTube
JE TESTE KIKO...,merci ! c'est quoi ton type de peau ? et aussi où tu t'épile les sourcils stp ? mercii,3,YouTube
JE TESTE KIKO...,apparament kiko teste sur les animaux c’est vrai ?,3,YouTube
JE TESTE KIKO...,refait charlotte tilbury par pitiééé ou catrice,3,YouTube
JE TESTE KIKO...,idées full face à faire : essence ; sephora ; fenty,3,YouTube
JE TESTE KIKO...,le rouge à lèvre 102 a changé de compo et de teinte il est moins rose clair ! je suis deg c’était mon best depuis des années,3,YouTube
JE TESTE KIKO...,j adore kiko mais les fond de teint il y a pas assais de teinte c est dommage et oui le fond de teint serum etait incroyable j aimais que celui la.,3,YouTube
JE TESTE KIKO...,je pense que ta pas assais attendu avec la base qu elle seche et tu en a trop mis.,3,YouTube
JE TESTE KIKO...,c’est moi ou le focus fait chier,3,YouTube
JE TESTE KIKO...,❤,3,YouTube
JE TESTE KIKO...,on adore tes vidéos de crash test continu !!,3,YouTube
JE TESTE KIKO...,une full face ysl,3,YouTube
JE TESTE KIKO...,full face kylie cosmetics stp,3,YouTube
JE TESTE KIKO...,ravie de te revoir fabian,3,YouTube
The WORST Skincare Products #shorts,don't use nutravim. it's a scam!,3,YouTube
The WORST Skincare Products #shorts,it's white akash,3,YouTube
The WORST Skincare Products #shorts,i actually loveeee the lemon toner for my pores!!!! it worked amazing on me! and also smelled so fresh and a little sour like lemon haha but fresh like lemon. i always swore by it and told people it was my favorite!! lemon is amazing for your insides so i wonder why it wouldn’t be good for certain skin care treatments. but in an exfoliation pad like they showed???? ouch!! that’s just like micro scratching your face and putting lemon in it! no thanks! lol,3,YouTube
The WORST Skincare Products #shorts,what works for some might not work for others i'm just saying 🤷🏽,3,YouTube
The WORST Skincare Products #shorts,"i am 68 and have very sensitive reactive skin (psa and sjogrens disease which yields extreme dryness).  legit sensitive. i have used seabreeze original formula for as long as i remember. it absolutely doesn't not tear your face off! that is simply untrue. it is very refreshing, eases facial and scalp itching and has never irritated my skin.",3,YouTube
The WORST Skincare Products #shorts,"sea breeze been used by my mom with shampoo to help with my scalp dermatitis. and, it works. now as an adult, i still go back to that remedy. i can't say it's good for everyone but it helps me. only skin care product that i'll never give up is noxzema. great for my oily skin. but, if you have sensitive skin, don't use. wash your face with oatmeal soap😉",3,YouTube
The WORST Skincare Products #shorts,bro looks like the first pokemon evolution stage of harald glööckler,3,YouTube
The WORST Skincare Products #shorts,i learnt the hard way that lemon doesn’t go on the face. i tried making a home yoghurt tumeric face mask and stupidly squeezed in lemon juice.. my face was on fireeeee🔥🔥🔥,3,YouTube
The WORST Skincare Products #shorts,"i agree with the astringent! my mom for whatever reason gave me that as a teenager to help control my face oil and acne! all it did was dry out my skin and make it more angry! 

a gentle cleanser was all i needed!",3,YouTube
The WORST Skincare Products #shorts,"my favorite homemade mask for cleansing when your pores are filthy: make a paste with lemon juice and baking soda. cake it on and let it dry. then gently rinse off, rubbing in small circles. pat dry & moisturize. i use it on dudes that almost never cleanse, or on me but no more than once a month to every 6 months, moisturize right after.",3,YouTube
The WORST Skincare Products #shorts,what about sincerely yours?,3,YouTube
The WORST Skincare Products #shorts,"everything that seemed to work for me they took off shelves like that lemon zesty scrub he showed by clean and clear! they actually had a face wash that worked wonders and removed dark marks and more! also, they use to have ambi with the hydroquinone that they removed and that pair was amazing!!!!!!!! i’m very disappointed it’s like they do it on purpose!!!",3,YouTube
The WORST Skincare Products #shorts,"btw you will not feel moisturized after using this, the video maker will lie to you 😂",3,YouTube
The WORST Skincare Products #shorts,please i need your help and advice i’ have used a face mask and now i have chemical burns with severe hypopigmentation and irritation . this has been devastating for me . the company doesn’t reach out . this company has no warning labels and had a law suit in 2024 for cancer causing and carcinogens . not safe for sensitive skin and i have never had skin issues . what should i do to relieve this . i have videos of the product and what i’m going through 😢😢,3,YouTube
The WORST Skincare Products #shorts,those lemon pads worked wonders for me..  and then they discontinued it....,3,YouTube
The WORST Skincare Products #shorts,love that you’re reacting to lotr! but this looks like such an uncomfortable way to enjoy a long movie 😩 these movies need a comfy couch with all the lights off and a good snack!,3,YouTube
The WORST Skincare Products #shorts,that black mask is ass!!,3,YouTube
The WORST Skincare Products #shorts,i regret to use facemask now im insecure to go outside🥲😅,3,YouTube
The WORST Skincare Products #shorts,all these products i used as a kid and oh my god. the burn. the pain. the acneeee,3,YouTube
The WORST Skincare Products #shorts,"what about the good beauty by meg kilcup, ??",3,YouTube
KIKO MILANO HUG COUTURE: Recensione completa,"ciao anna, anche io ho acquistato il blush nel pottino n.1, mi piace molto, utilizzo l'applicatore per metterlo sulle guance e poi lo sfumo con le mani, forse è un fatto igienico non dover mettere le dita dentro al pot, non lo utilizzo sulle labbra, poi ho acquistato il nuovo fondotinta love fusion ma non lo ho ancora testato. le tue recensioni sono sempre interessanti. sono contenta che tu non abbia le unghie finte, adesso tanto di moda , e se posso dire la mia, sono proprio brutte da vedere. sei bravissima come sempre.",3,YouTube
KIKO MILANO HUG COUTURE: Recensione completa,grazie mille per la tua sincerità.,3,YouTube
KIKO MILANO HUG COUTURE: Recensione completa,ciao cara volevo sapere se quale primer spray fix valido tra essense o catrice....o altri con buon inci....❤,3,YouTube
KIKO MILANO HUG COUTURE: Recensione completa,"il fondotinta in stick sulla mia pelle matura è tremendo : si infila in pori e rughe, e, anche settato con la polvere della stessa collezione ( molto pigmentata) , dopo circa tre ore in alcune zone è proprio sparito, mentre si accumula  nelle rughe di espressione. pessimo acquisto. peccato, perché per i primi cinque minuti ( tempo della prova in negozio) è molto bello.",3,YouTube
KIKO MILANO HUG COUTURE: Recensione completa,"ciao anna! grazie per questa recensione! continuo a non essere attratta dalle limited di kiko, più da alcuni prodotti in gamma permanente! ❤",3,YouTube
KIKO MILANO HUG COUTURE: Recensione completa,kiko destinato ha chiudere... sempre vuoto... ogni tanto entro.... ma scappo via di corsa.... che brutii prodotti... che prezzi... vado alla mac  se devo....,3,YouTube
KIKO MILANO HUG COUTURE: Recensione completa,"ciao anna ❤ immancabile la tua review e sempre completa e dettagliata! grazie mille, il blush in pot è effettivamente il pezzo più interessante ma concordo sul prezzo eccessivo rispetto alle formule coreane. un abbraccio ❤",3,YouTube
KIKO MILANO HUG COUTURE: Recensione completa,"ciao anna hai totalmente ragione su tutto quello che hai detto, ho visto la collezione, si i pack molto belli, ma non mi è piaciuto niente di quello che c'era, tutto visto e rivisto, sempre le solite cose e se c'è qualcosa di diverso alla fine per il prezzo non conviene, quindi dopo aver visto la tua recensione ho deciso di non comprare niente, sei di grande aiuto 😄👍❤",3,YouTube
KIKO MILANO HUG COUTURE: Recensione completa,io guardo tutti i video tuoi anche se non compro kiko da anni ormai.,3,YouTube
KIKO MILANO HUG COUTURE: Recensione completa,"evvivaaaaaaa🎉🎉🎉🎉🎉🎉🎉🎉🎉 finalmente abbiamo il nostro bel prodotto ciofeca della collezione 😂😂😂😂😂 grazie !!! ora sto meglio 😂😂😂 al di là del gioco io anche cone te e penso come tutti compriamo sempre meno prodotti non solo di kiko ma un po ' di tutti i brand perché ormai si assomigliano tutti, hanno fatto uscire talmente tanto in poco tempo che tutto è troppo, è uguale, è inflazionato. aben vedere questi prodotti li abbiano già tutti e non siano invogliati a comprare perché nessuno ha voglia di prendere doppioni di ciò che già si possiede a prezzi triplicati.  detto ciò,  like, hyoe e un bacione , alla prossima ❤❤❤",3,YouTube
KIKO MILANO HUG COUTURE: Recensione completa,avevo intravisto questi nuovi blush e mi incuriosiscono molto…grazie per la recensione! le palette pure mi incuriosivano ma mi pare che abbiano ridotto molto le dimensioni dei quad per alzare i prezzi in maniera indecente…quindi doppiamente grazie per questo video!😊,3,YouTube
KIKO MILANO HUG COUTURE: Recensione completa,"ciao anna ❤ ho preso il blush come il tuo, speriamo che duri sulla mia pelle mista 😂",3,YouTube
KIKO MILANO HUG COUTURE: Recensione completa,"questa collezione l'ho zompata allegramente, troppo plain (e io che non vedevo l'ora della fine della clean girl era, speravo in qualcosa di coloratissimo e invece... sempre sul pezzo da kiko, devo dire 😂 mannaggetty!)
quantomeno mi sono consolata con una bella palettona di cosmic brushes e con il blush liquido di mulac, quello lilla fotonico (colore bellissimo e adoro quei prodottini, sono ottimi!)",3,YouTube
KIKO MILANO HUG COUTURE: Recensione completa,"ora ho le idee chiarissime. sei minuziosa ed esaustiva, come sempre. credo andrò diretta ai blush in pot ❤. grazie annina, le tue recensioni sono preziose ❤",3,YouTube
KIKO MILANO HUG COUTURE: Recensione completa,"stesse medesime considerazioni sul packaging del rossetto (anch’io ho preso lo 03): avevo resistito al my crush di pupa proprio per quanto erano ingombranti, ma questo pack di kiko leggermente più snello mi ha soddisfatto e in più la shade sembrava fatta apposta per me 😍
è sempre un piacere ascoltarti, hype per te!🫶🏻😘",3,YouTube
KIKO MILANO HUG COUTURE: Recensione completa,"ciao anna !!! le tue recensioni sono sempre top!! amando il rosa sono stata attratta da questa collezione e pensa che ho preso gli stessi prodotti che hai preso tu ovvero il blush ma quello rosa e il rossetto nella tua stessa colorazione. il rossetto è molto bello e grazie davvero per la dritta della matita che sono subito andata a prendere e ci sta benissimo. il blush sono sincera mi ha lasciata un po' perplessa perchè dalla tua recensione sembra essere durevole mentre invece quando lo metto mi sparisce subito e ne devo proprio mettere tanto perchè si veda un pochino. io avevo utilizzato il suo applicatore facendo tre pallini sul viso e poi stendendo col pennello ma ahimè non ha performato bene. proverò come hai fatto tu mettendolo sulla mano e usando un pennello a setole meno fitte, salvo che proprio cambi la performance da colore a colore ma non credo. poi siccome volevo la pochette rosa ( ne avrò tremila !!! 🤣🤣 ) ho preso gli smalti colorazione 02 ma non li ho ancora provati sulle unghie ma su un pezzo di carta bianca. sinceramente quello scuro non mi sembra proprio un topper perchè colora abbastanza e infatti mi sa che non lo sfrutterò piu di tanto ma non per il colore che non è malaccio ma per il fatto che io detesto i brillantini in generale quindi anche sulle unghie e mi da l'idea che si vedano abbastanza.  cmq sperimenterò e vediamo.  ho provato sulla mano in negozio anche il fondo di cui parlavi però per me  che sono mozzarella anche la shade piu chiara virava troppo al giallognolo e quindi nulla. il pennello sarebbe stato carino ma costa troppo e poi non so tu ma con i pennelli di kiko ho avuto pessime esperienze ovvero che perdono i peli in modo inaccettabile e non solo all'inizio che uno potrebbe dire beh è un eccesso che una volta eliminato si stabilizzano. no! continuano a perderli, nel lavello e soprattuto sulla faccia quindi non lo avrei preso anche per questo. a te è mai successo? certo c'è da dire che kiko esagera un po' sia con queste collezioni a raffica sia con i prezzi. vediamo se tra qualche giorno esce la collezione estate 2026 !!!!  🤣se esce aspetto la tua recensione ovviamente! un abbraccio e grazie. manu",3,YouTube
KIKO MILANO HUG COUTURE: Recensione completa,"meravigliosamente accurata e precisa come sempre, apprezzo davvero la tua dedizione a questa ""missione"" sei unica non smettere mai di recensire le collezioni kiko per noi!!",3,YouTube
KIKO MILANO HUG COUTURE: Recensione completa,"sulla collezione la penso come te, non mi fa pensare per niente alla primavera e purtroppo o perfortuna non mi è piaciuto proprio niente, le palettine poi, sciapissime. comunque grazie sempre per le tue preziosissime opinioni 🥰 🥰 🥰",3,YouTube
KIKO MILANO HUG COUTURE: Recensione completa,"arrivo in ritardo, ma apprezzo molto il discorso finale. non vale solo per kiko, anche se sembra che loro ci si mettano proprio di buzzo buono a uscire ogni 3x2 con collezioni nuove, ma un po' tutti i brand ultimamente, anche indi. non se ne può più, ormai ci sfornano palette da 70€ di media l'una ogni 2/3 settimane!!! ho notato che in diverse creator stanno cominciando a chiedere ai brand di darsi una calmata 😅
comunque bravissima che non hai ceduto alla tentazione di prendere il terzo prodotto per avere la pochette gratis!! 👏🏼👏🏼👏🏼
il pennellino gommoso prova ad usarlo per gli shimmer all'angolo interno dell'occhio, io ce l'ho simile e lo uso con le formule più flaky 😊",3,YouTube
KIKO MILANO HUG COUTURE: Recensione completa,"ciao anna grazie per la precisa recensione molto utile... ❤
risparmio 😂😂😂",3,YouTube
KIKO 3D Hydra Gloss😍🩷✨#unboxing #kikocosmetics,which shade is it?,3,YouTube
KIKO 3D Hydra Gloss😍🩷✨#unboxing #kikocosmetics,"i have  the  same  lipstick  but it  smells
like  chocolate ❤",3,YouTube
KIKO 3D Hydra Gloss😍🩷✨#unboxing #kikocosmetics,"ciao,che numero è il gloss?",3,YouTube
KIKO 3D Hydra Gloss😍🩷✨#unboxing #kikocosmetics,لطفا بگو خونه تون کجاستvery good take me pleas,3,YouTube
KIKO 3D Hydra Gloss😍🩷✨#unboxing #kikocosmetics,hello❤😊,3,YouTube
KIKO 3D Hydra Gloss😍🩷✨#unboxing #kikocosmetics,who remembered ang mutya ng section e kiko after hearing kiko milano assemble here😂,3,YouTube
KIKO 3D Hydra Gloss😍🩷✨#unboxing #kikocosmetics,song name,3,YouTube
KIKO 3D Hydra Gloss😍🩷✨#unboxing #kikocosmetics,wow❤,3,YouTube
KIKO 3D Hydra Gloss😍🩷✨#unboxing #kikocosmetics,neciyedi?,3,YouTube
KIKO 3D Hydra Gloss😍🩷✨#unboxing #kikocosmetics,22❤,3,YouTube
KIKO 3D Hydra Gloss😍🩷✨#unboxing #kikocosmetics,17❤,3,YouTube
KIKO 3D Hydra Gloss😍🩷✨#unboxing #kikocosmetics,it smells like watermelon?,3,YouTube
KIKO 3D Hydra Gloss😍🩷✨#unboxing #kikocosmetics,girly ik this lip gloss it's the best! i have it and im so grateful  for this lip gloss❤✌🏻✨️,3,YouTube
KIKO 3D Hydra Gloss😍🩷✨#unboxing #kikocosmetics,i have that one.,3,YouTube
KIKO 3D Hydra Gloss😍🩷✨#unboxing #kikocosmetics,is it scented,3,YouTube
KIKO 3D Hydra Gloss😍🩷✨#unboxing #kikocosmetics,i love that colour😊,3,YouTube
KIKO 3D Hydra Gloss😍🩷✨#unboxing #kikocosmetics,beauty fulll,3,YouTube
KIKO 3D Hydra Gloss😍🩷✨#unboxing #kikocosmetics,i have this but my is from italy,3,YouTube
"Once my mom finds a product she loves, she’ll never let it go🤩 #skincare #korean #glowyskin",genetics,3,YouTube
"Once my mom finds a product she loves, she’ll never let it go🤩 #skincare #korean #glowyskin",she sad smooth liker butter remind med of bts song butter,3,YouTube
"Once my mom finds a product she loves, she’ll never let it go🤩 #skincare #korean #glowyskin",to me her mother looks like asa from babymonster,3,YouTube
"Once my mom finds a product she loves, she’ll never let it go🤩 #skincare #korean #glowyskin",shes also rich….are u really that out of touch?,3,YouTube
"Once my mom finds a product she loves, she’ll never let it go🤩 #skincare #korean #glowyskin",she looks late 30's omgggggggggggggggg,3,YouTube
"Once my mom finds a product she loves, she’ll never let it go🤩 #skincare #korean #glowyskin","and thousands of dollars worth of facials, laser and microneedling 😂",3,YouTube
"Once my mom finds a product she loves, she’ll never let it go🤩 #skincare #korean #glowyskin",you forget the fact shes asian and has had a face lift...,3,YouTube
"Once my mom finds a product she loves, she’ll never let it go🤩 #skincare #korean #glowyskin",what?!shes 50years old?! i thought she was like 30......hehe,3,YouTube
"Once my mom finds a product she loves, she’ll never let it go🤩 #skincare #korean #glowyskin",because she has been under the knife darling. you need to be rich to look young. i have never met a single rich woman who looks old. 😂,3,YouTube
"Once my mom finds a product she loves, she’ll never let it go🤩 #skincare #korean #glowyskin",she's beautiful but also that can't just be her secret bobby brown cleansing oils only been around for about a decade maybe the night serum because that's been around for 40 years❤😅,3,YouTube
"Once my mom finds a product she loves, she’ll never let it go🤩 #skincare #korean #glowyskin","like the content like what they're putting together hot congratulations , keep up wonderful work",3,YouTube
"Once my mom finds a product she loves, she’ll never let it go🤩 #skincare #korean #glowyskin",i'm not seeing a ring on that finger.,3,YouTube
"Once my mom finds a product she loves, she’ll never let it go🤩 #skincare #korean #glowyskin","i’m 52 and have similar skin.
i can honestly say, being half asian helps. my mom’s genetics was my lottery, but i also follow up with the same products i have used since the 90s.
dhc skincare is my holy grail and i will not be caught out with out it ❤",3,YouTube
"Once my mom finds a product she loves, she’ll never let it go🤩 #skincare #korean #glowyskin",she looks 50 😂🤣🤣🤣,3,YouTube
"Once my mom finds a product she loves, she’ll never let it go🤩 #skincare #korean #glowyskin",why does she have a grey cast jawline?,3,YouTube
"Once my mom finds a product she loves, she’ll never let it go🤩 #skincare #korean #glowyskin","beautiful hair style 😍 
the products don't interest me",3,YouTube
"Once my mom finds a product she loves, she’ll never let it go🤩 #skincare #korean #glowyskin",all on boycott list! don't support the holocaust inflicted on the people of gaza!🇵🇸,3,YouTube
"Once my mom finds a product she loves, she’ll never let it go🤩 #skincare #korean #glowyskin",i thought she was in late 30s 😂,3,YouTube
"Once my mom finds a product she loves, she’ll never let it go🤩 #skincare #korean #glowyskin",shes 50 i though she was 39,3,YouTube
"Once my mom finds a product she loves, she’ll never let it go🤩 #skincare #korean #glowyskin",boycotting 🇬🇱,3,YouTube
